Category,Total_Spend,SKU_Count,Avg_DOH,Avg_OTD
Components,2304977.54,92,41.643478260869564,0.8621739130434783
Consumables,1774032.54,97,39.534020618556696,0.8465979381443299
Finished Goods,1725537.56,100,39.327,0.8599
Packaging,2841805.2,120,39.0775,0.8539166666666667
Raw Materials,1327443.21,91,33.42857142857143,0.8378021978021978
